<?xml version="1.0" encoding="UTF-8"?>
<project-private xmlns="http://www.netbeans.org/ns/project-private/1">
    <editor-bookmarks xmlns="http://www.netbeans.org/ns/editor-bookmarks/2" lastBookmarkId="0"/>
    <open-files xmlns="http://www.netbeans.org/ns/projectui-open-files/2">
        <group>
            <file>file:/C:/Users/t-hla/Documents/2017/Java%20Application%20Programming/Assignment%201/Calculator/src/calculator/CalculatorView.java</file>
            <file>file:/C:/Users/t-hla/Documents/2017/Java%20Application%20Programming/Assignment%201/Calculator/src/calculator/CalculatorSplashScreen.java</file>
            <file>file:/C:/Users/t-hla/Documents/2017/Java%20Application%20Programming/Assignment%201/Calculator/src/calculator/CalculatorModel.java</file>
            <file>file:/C:/Users/t-hla/Documents/2017/Java%20Application%20Programming/Assignment%201/Calculator/src/calculator/Calculator.java</file>
        </group>
    </open-files>
</project-private>
